count,description,price,title
74,RS-1180-0002 Temperature and Humidity Sensor121212,1837,zRS-1180-0002
744,XXXzxcvWall Temperature and Humidity Sensor121212,444,zVA-7483-8201-RA
745,XzvcXXWall Temperature and Humidity Sensor121212,1855537,zBAS2.S
746,zxcvXXXWall Temperature and Humidity Sensor121212,6666,zM4-SNC16120-04
1,RS-1180-0002 Temperature and Humidity Sensor121212,1837,qzRS-1180-0002
2,XXXzxcvWall Temperature and Humidity Sensor121212,444,qzVA-7483-8201-RA
3,XzvcXXWall Temperature and Humidity Sensor121212,1855537,qzBAS2.S
4,zxcvXXXWall Temperature and Humidity Sensor121212,6666,qzM4-SNC16120-04
91,RS-1180-0002 Temperature and Humidity Sensor121212,1837,sqzRS-1180-0002
92,XXXzxcvWall Temperature and Humidity Sensor121212,444,sqzVA-7483-8201-RA
93,XzvcXXWall Temperature and Humidity Sensor121212,1855537,sqzBAS2.S
94,zxcvXXXWall Temperature and Humidity Sensor121212,6666,sqzM4-SNC16120-04
